iso_code,location,max_vax_pct,max_fully_pct,n_vax_days,wgm_year,wgm_agree_safe,wgm_hesitant_safe,wgm_disagree_safe,wgm_disagree_effective,wgm_2019_agree,wgm_2019_hesitant,wgm_2023_agree,wgm_2023_hesitant,dtp3_2019,gdp_2019,log_gdp,hesitancy_change
ABW,Aruba,85.05,79.25,1080,,,,,,,,,,,30645.8906024548,10.330253857414815,
AFG,Afghanistan,46.56,44.67,1043,2019.0,85.962875,14.037125000000003,12.761021,9.860788,85.962875,14.037125000000003,,,65.0,496.6025042585,6.207789915869446,
AGO,Angola,46.5,27.0,1036,,,,,,,,,,64.0,2493.67884440177,7.8215143466578585,
AIA,Anguilla,68.36,65.38,772,,,,,,,,,,,,,
ALB,Albania,47.47,45.01,974,2019.0,82.47734,17.522660000000002,14.501511,23.26284,82.47734,17.522660000000002,,,99.0,6069.43903131027,8.711021463194774,
AND,Andorra,72.53,67.01,973,,,,,,,,,,99.0,41257.816459345,10.627595863735394,
ARG,Argentina,91.25,76.69,1125,2024.0,80.0,20.0,13.0,9.0,94.51553,5.484470000000002,79.0,21.0,83.0,9955.97478680428,9.205928131021869,15.515529999999998
ARM,Armenia,41.39,37.07,915,2023.0,62.0,38.0,32.0,27.0,71.10818,28.891819999999996,62.0,38.0,92.0,4597.22887399548,8.433208982253502,9.108180000000004
ATG,Antigua and Barbuda,68.56,66.53,578,,,,,,,,,,99.0,18896.3721832248,9.84672523464584,
AUS,Australia,84.93,82.7,1044,2023.0,78.0,22.0,15.0,14.0,,,78.0,22.0,95.0,55194.7585097428,10.918623273223075,
AUT,Austria,77.18,74.76,904,2023.0,69.0,31.0,25.0,22.0,80.75356,19.246440000000007,69.0,31.0,88.0,49885.9947355204,10.817495575722525,11.753559999999993
AZE,Azerbaijan,51.88,46.94,589,2019.0,58.399998,41.600002,36.2,35.399998,58.399998,41.600002,,,74.0,4805.75371765917,8.477569170218306,
BDI,Burundi,0.29,0.28,804,,,,,,,,,,93.0,234.31061590725,5.456647653523818,
BEL,Belgium,79.46,78.68,1141,2023.0,68.0,32.0,25.0,21.0,,,68.0,32.0,97.0,46716.6227467964,10.75185532779159,
BEN,Benin,27.69,20.54,586,2024.0,78.0,22.0,22.0,16.0,,,67.0,33.0,72.0,1130.82135339795,7.03069950908468,
BES,Bonaire Sint Eustatius and Saba,70.64,61.87,146,,,,,,,,,,,,,
BFA,Burkina Faso,26.86,23.08,782,2023.0,82.0,18.0,16.0,10.0,,,82.0,18.0,91.0,764.853077774946,6.6396837601854255,
BGD,Bangladesh,88.5,83.07,1254,2015.0,99.0,1.0,0.0,5.0,,,,,98.0,2129.79896954606,7.663782873754545,
BGR,Bulgaria,31.79,30.64,1279,2023.0,47.0,53.0,46.0,41.0,69.96381,30.036190000000005,47.0,53.0,93.0,10353.7204584127,9.245101198682539,22.963809999999995
BHR,Bahrain,84.31,83.33,729,,,,,,,,,,99.0,27259.7438599327,10.213166309019025,
BHS,Bahamas,42.64,40.73,791,,,,,,,,,,89.0,33640.3369861278,10.423481131460248,
BIH,Bosnia and Herzegovina,29.18,26.17,353,2023.0,56.0,44.0,36.0,30.0,67.2,32.8,56.0,44.0,80.0,6122.37541352353,8.719705439664365,11.200000000000003
BLR,Belarus,68.55,67.28,980,2023.0,55.0,45.0,34.0,30.0,,,55.0,45.0,98.0,6837.77339645635,8.830217430787368,
BLZ,Belize,63.78,54.63,784,,,,,,,,,,98.0,6171.61449761423,8.727715751651314,
BMU,Bermuda,75.62,74.22,545,,,,,,,,,,,115798.040775578,11.659602924941444,
BOL,Bolivia,60.22,50.4,613,,,,,,,,,,75.0,4203.15492855788,8.34359069574804,
BRA,Brazil,88.08,81.82,795,2024.0,79.0,21.0,11.0,10.0,,,81.0,19.0,70.0,9029.83304401079,9.108289157204757,
BRB,Barbados,58.18,55.05,1048,,,,,,,,,,90.0,21912.1501242857,9.994796562155557,
BRN,Brunei,100.48,99.49,820,,,,,,,,,,99.0,30426.5730656528,10.32307161958089,
BTN,Bhutan,89.35,86.61,584,,,,,,,,,,97.0,3576.87987100503,8.182246154967096,
BWA,Botswana,74.18,63.24,1012,,,,,,,,,,95.0,7172.08956480028,8.877952322767555,
CAF,Central African Republic,46.61,44.54,845,,,,,,,,,,38.0,449.228467602439,6.107531594859889,
CAN,Canada,90.35,82.59,1319,2023.0,74.0,26.0,18.0,16.0,,,74.0,26.0,91.0,46352.8693445211,10.744038475108562,
CHE,Switzerland,69.75,,925,2023.0,68.0,32.0,28.0,24.0,,,68.0,32.0,96.0,84121.9310304414,11.340022585216989,
CHL,Chile,92.27,90.29,1101,2023.0,70.0,30.0,23.0,20.0,,,70.0,30.0,96.0,14495.716721687,9.581608486265589,
CHN,China,91.89,89.54,787,2021.0,95.0,5.0,4.0,2.0,,,,,99.0,10342.9009524335,9.244055665042044,
CIV,Cote d'Ivoire,48.18,43.2,721,2024.0,88.0,12.0,10.0,8.0,,,79.42909,20.570909999999998,79.0,2141.76836170115,7.669387104030772,
CMR,Cameroon,13.45,11.45,918,2023.0,52.0,48.0,32.0,32.0,,,52.0,48.0,67.0,1555.22660476477,7.3493765405330835,
COD,Democratic Republic of Congo,17.22,14.54,778,2023.0,76.0,24.0,19.0,16.0,,,76.0,24.0,73.0,504.00419142286,6.222584584351987,
COG,Congo,11.65,10.96,474,,,,,,,,,,79.0,2488.42466724916,7.819405125487231,
COK,Cook Islands,88.73,86.47,630,,,,,,,,,,98.0,,,
COL,Colombia,82.92,71.72,1046,2024.0,80.0,20.0,14.0,11.0,92.16711,7.832890000000006,71.0,29.0,94.0,6472.54544924705,8.77532473350093,21.167109999999994
COM,Comoros,52.44,47.45,530,,,,,,,,,,78.0,1510.23218151592,7.320018680582039,
CPV,Cape Verde,60.14,52.05,557,,,,,,,,,,96.0,4380.78117331128,8.384982337539077,
CRI,Costa Rica,89.77,84.35,1017,,,,,,,,,,95.0,12884.6859951989,9.463794752995097,
CUB,Cuba,96.37,89.67,1067,,,,,,,,,,99.0,9232.26115935183,9.130459276839085,
CUW,Curacao,56.81,52.77,775,,,,,,,,,,,19220.6865793075,9.863742404014646,
CYM,Cayman Islands,90.38,88.32,1099,,,,,,,,,,,88254.2902486867,11.387977588329882,
CYP,Cyprus,74.91,72.11,778,2022.0,82.07172,17.92828,17.131475,15.139442,,,,,96.0,29227.173828125,10.282854166059058,
CZE,Czechia,66.53,65.71,1313,2022.0,70.5,29.5,24.8,21.1,84.88489,15.115110000000001,,,97.0,24062.7190013343,10.088418992342875,
DEU,Germany,77.82,76.24,832,2023.0,71.0,29.0,22.0,21.0,83.26489,16.735110000000006,71.0,29.0,91.0,47656.199739747,10.771768010581992,12.264889999999994
DJI,Djibouti,37.61,35.79,905,,,,,,,,,,85.0,2837.16902340932,7.950562011253851,
DMA,Dominica,45.35,42.14,604,,,,,,,,,,99.0,9491.14995962374,9.158115060197826,
DNK,Denmark,80.69,80.11,1016,2023.0,77.0,23.0,15.0,13.0,,,77.0,23.0,97.0,59404.2663247723,10.992121326420907,
DOM,Dominican Republic,65.61,54.6,1047,,,,,,,,,,89.0,8183.01623600375,9.009816094639277,
DZA,Algeria,17.46,14.43,584,2015.0,88.0,12.0,4.0,8.0,,,,,88.0,4468.45341883656,8.404797636427078,
ECU,Ecuador,85.18,79.11,801,2020.0,81.0,19.0,11.0,10.0,94.19795,5.802049999999994,,,85.0,6205.05765246766,8.733119988887672,
EGY,Egypt,51.27,38.15,848,2023.0,81.0,19.0,16.0,15.0,,,81.0,19.0,95.0,2962.98892023003,7.993953808190951,
ESP,Spain,86.95,85.66,871,2023.0,78.0,22.0,17.0,15.0,91.19912,8.800880000000006,78.0,22.0,95.0,29786.5245689007,10.301811374547727,13.199119999999994
EST,Estonia,65.62,65.06,1325,2023.0,61.0,39.0,31.0,21.0,,,61.0,39.0,91.0,,,
ETH,Ethiopia,42.54,35.38,781,2023.0,94.0,6.0,6.0,4.0,,,94.0,6.0,61.0,,,
FIN,Finland,81.65,78.46,1102,2023.0,77.0,23.0,17.0,14.0,95.76803,4.231970000000004,77.0,23.0,91.0,,,18.768029999999996
FJI,Fiji,76.58,68.96,776,2022.0,85.0,15.0,14.0,18.0,,,,,97.0,,,
FLK,Falkland Islands,69.24,46.7,67,,,,,,,,,,,,,
FRA,France,80.63,78.44,926,2023.0,63.50746,36.49254,29.487562,23.99005,72.916664,27.083336000000003,63.50746,36.49254,95.0,,,9.409203999999995
FRO,Faeroe Islands,78.53,76.99,386,,,,,,,,,,,,,
GAB,Gabon,13.03,10.78,686,2020.0,68.0,32.0,25.0,24.0,,,,,70.0,,,
GEO,Georgia,44.19,34.08,579,2023.0,65.0,35.0,27.000002,24.0,,,65.0,35.0,94.0,,,
GGY,Guernsey,85.62,83.23,695,,,,,,,,,,,,,
GHA,Ghana,41.42,32.2,854,2024.0,84.0,16.0,14.0,14.0,,,79.291214,20.708786000000003,97.0,,,
GIB,Gibraltar,129.07,126.89,706,,,,,,,,,,,,,
GIN,Guinea,62.89,42.24,920,,,,,,,,,,53.0,,,
GMB,Gambia,24.92,19.93,741,,,,,,,,,,88.0,,,
GNB,Guinea-Bissau,35.48,26.01,887,,,,,,,,,,78.0,,,
GNQ,Equatorial Guinea,16.13,12.78,496,,,,,,,,,,62.0,,,
GRC,Greece,76.44,73.64,1277,2023.0,66.0,34.0,28.0,23.0,,,66.0,34.0,99.0,,,
GRD,Grenada,35.26,31.11,765,,,,,,,,,,94.0,,,
GRL,Greenland,72.98,68.17,412,,,,,,,,,,,,,
GTM,Guatemala,50.07,39.94,807,,,,,,,,,,88.0,,,
GUY,Guyana,61.24,47.23,737,,,,,,,,,,99.0,,,
HKG,Hong Kong,92.41,90.85,1266,2023.0,68.0,32.0,22.0,20.0,77.05545,22.944550000000007,68.0,32.0,,,,9.055449999999993
HND,Honduras,63.23,56.11,895,,,,,,,,,,88.0,,,
HRV,Croatia,57.64,55.87,1064,2023.0,52.0,48.0,38.0,31.0,,,52.0,48.0,94.0,,,
HTI,Haiti,4.5,3.16,897,,,,,,,,,,54.0,,,
HUN,Hungary,64.42,62.28,730,2023.0,50.0015,49.9985,41.49975,36.498753,,,50.0015,49.9985,99.0,,,
IDN,Indonesia,74.2,63.51,1046,2024.0,82.0,18.0,15.0,16.0,87.5121,12.487899999999996,77.0,23.0,85.0,,,10.512100000000004
IMN,Isle of Man,82.29,79.38,519,,,,,,,,,,,,,
IND,India,72.5,67.18,1306,2023.0,90.0,10.0,9.0,8.0,93.91824,6.081760000000003,90.0,10.0,91.0,,,3.9182399999999973
IRL,Ireland,81.87,80.94,1087,2023.0,72.0,28.0,20.0,16.0,87.833824,12.166175999999993,72.0,28.0,94.0,,,15.833824000000007
IRN,Iran,73.63,66.16,1022,2015.0,69.0,31.0,24.0,8.0,,,,,99.0,,,
IRQ,Iraq,25.47,17.85,673,2023.0,74.0,26.0,26.0,20.0,89.0,11.0,74.0,26.0,84.0,,,15.0
ISL,Iceland,83.07,77.82,455,2015.0,85.0,15.0,5.0,3.0,,,,,93.0,,,
ISR,Israel,71.15,65.19,867,2023.0,66.0,34.0,27.0,24.0,,,66.0,34.0,98.0,,,
ITA,Italy,86.28,81.21,1055,2023.0,67.49751,32.502489999999995,26.004974,21.497513,87.3057,12.694299999999998,67.49751,32.502489999999995,96.0,,,19.808189999999996
JAM,Jamaica,30.41,26.88,939,,,,,,,,,,96.0,,,
JEY,Jersey,76.14,73.9,687,,,,,,,,,,,,,
JOR,Jordan,42.72,40.39,587,,,,,,,,,,89.0,,,
JPN,Japan,84.47,83.4,810,2023.0,51.0,49.0,33.0,27.0,68.516914,31.483086,51.0,49.0,98.0,,,17.516914
KAZ,Kazakhstan,55.98,54.79,820,2023.0,59.0,41.0,30.0,25.0,65.375,34.625,59.0,41.0,97.0,,,6.375
KEN,Kenya,26.83,20.53,760,2024.0,89.0,11.0,11.0,15.0,,,88.0,12.0,93.0,,,
KGZ,Kyrgyzstan,26.19,21.2,895,,,,,,,,,,95.0,,,
KHM,Cambodia,91.35,87.63,1056,2022.0,97.0,3.0,3.0,4.0,,,,,88.0,,,
KIR,Kiribati,76.88,62.08,630,,,,,,,,,,97.0,,,
KNA,Saint Kitts and Nevis,70.88,56.63,654,,,,,,,,,,97.0,,,
KOR,South Korea,86.43,85.64,820,2023.0,59.0,41.0,28.0,23.0,87.933334,12.066665999999998,59.0,41.0,98.0,,,28.933334000000002
KWT,Kuwait,80.99,78.39,1064,,,,,,,,,,92.0,,,
LAO,Laos,78.21,69.36,513,2022.0,91.0,9.0,9.0,9.0,,,,,66.0,,,
LBN,Lebanon,49.92,43.98,678,2020.0,88.0,12.0,11.0,7.0,,,,,83.0,,,
LBR,Liberia,73.62,70.36,579,2023.0,89.0,11.0,9.0,20.0,,,89.0,11.0,71.0,,,
LBY,Libya,34.0,18.15,640,2024.0,73.0,27.0,27.0,29.0,,,81.0,19.0,73.0,,,
LCA,Saint Lucia,33.43,30.56,655,,,,,,,,,,92.0,,,
LIE,Liechtenstein,68.02,,899,,,,,,,,,,,,,
LKA,Sri Lanka,78.53,67.57,641,,,,,,,,,,99.0,,,
LSO,Lesotho,43.98,40.68,741,,,,,,,,,,92.0,,,
LTU,Lithuania,71.21,68.4,1327,2023.0,53.0,47.0,35.0,31.0,,,53.0,47.0,92.0,,,
LUX,Luxembourg,74.42,71.45,819,2022.0,84.799995,15.200005000000004,11.599999,7.2,,,,,99.0,,,
LVA,Latvia,72.74,70.57,585,2023.0,42.0,58.0,46.0,43.0,,,42.0,58.0,99.0,,,
MAC,Macao,97.77,92.39,795,,,,,,,,,,,,,
MAR,Morocco,66.8,62.8,837,2020.0,78.0,22.0,18.0,14.0,,,,,99.0,,,
MCO,Monaco,79.13,70.34,357,,,,,,,,,,99.0,,,
MDA,Moldova,33.9,32.97,1024,,,,,,,,,,91.0,,,
MDG,Madagascar,9.15,8.88,810,,,,,,,,,,69.0,,,
MDV,Maldives,76.23,73.53,843,,,,,,,,,,98.0,,,
MEX,Mexico,76.22,64.19,654,2024.0,86.0,14.0,9.0,7.0,85.8,14.200000000000003,86.0,14.0,82.0,,,-0.20000000000000284
MKD,North Macedonia,40.82,40.04,811,2023.0,70.0,30.0,26.0,20.0,68.974144,31.025856000000005,70.0,30.0,92.0,,,-1.0258560000000045
MLI,Mali,19.27,16.08,776,2024.0,91.0,9.0,8.0,7.0,,,81.11376,18.88624,77.0,,,
MLT,Malta,89.81,88.43,1158,2022.0,71.8,28.200000000000003,22.0,18.199999,,,,,98.0,,,
MMR,Myanmar,76.69,66.33,938,,,,,,,,,,90.0,,,
MNE,Montenegro,46.69,45.43,553,,,,,,,,,,87.0,,,
MNG,Mongolia,66.88,64.02,451,2022.0,71.0,29.0,27.0,15.999999,,,,,98.0,,,
MOZ,Mozambique,69.37,64.7,848,,,,,,,,,,85.0,,,
MRT,Mauritania,44.42,32.53,969,2016.0,90.0,10.0,7.0,3.0,,,,,80.0,,,
MSR,Montserrat,47.68,44.23,677,,,,,,,,,,,,,
MUS,Mauritius,86.48,83.74,917,,,,,,,,,,96.0,,,
MWI,Malawi,26.63,21.01,922,2020.0,88.0,12.0,9.0,7.0,,,,,95.0,,,
MYS,Malaysia,82.91,81.18,1268,2024.0,83.0,17.0,15.999999,11.0,78.960396,21.039603999999997,74.0,26.0,98.0,,,4.960396000000003
NAM,Namibia,24.53,21.46,970,,,,,,,,,,87.0,,,
NCL,New Caledonia,66.35,63.74,827,,,,,,,,,,,,,
NER,Niger,23.84,20.92,855,2024.0,95.0,5.0,4.0,3.0,,,92.1254,7.874600000000001,81.0,,,
NGA,Nigeria,42.93,37.2,977,2024.0,88.523605,11.476394999999997,9.984263,11.0,93.0,7.0,88.523605,11.476394999999997,66.0,,,4.476394999999997
NIC,Nicaragua,92.17,88.17,894,,,,,,,,,,,,,
NIU,Niue,83.91,83.76,622,,,,,,,,,,99.0,,,
NLD,Netherlands,71.64,67.0,995,2023.0,70.0,30.0,24.0,21.0,,,70.0,30.0,94.0,,,
NOR,Norway,79.99,74.61,712,2023.0,79.0,21.0,15.0,12.0,,,79.0,21.0,97.0,,,
NPL,Nepal,91.28,80.11,1032,,,,,,,,,,93.0,,,
NRU,Nauru,103.27,89.4,684,,,,,,,,,,96.0,,,
NZL,New Zealand,82.97,82.77,1275,2023.0,75.0,25.0,18.0,16.0,,,75.0,25.0,92.0,,,
OMN,Oman,71.67,66.62,667,,,,,,,,,,99.0,,,
OWID_ENG,England,80.31,75.95,912,,,,,,,,,,,,,
OWID_NIR,Northern Ireland,75.46,71.78,913,,,,,,,,,,,,,
OWID_SCT,Scotland,83.23,78.41,610,,,,,,,,,,,,,
PAK,Pakistan,70.21,59.57,1016,2023.0,81.0,19.0,15.0,16.0,85.3,14.700000000000003,81.0,19.0,84.0,,,4.299999999999997
PAN,Panama,80.15,72.0,843,2015.0,91.0,9.0,7.0,5.0,,,,,88.0,,,
PCN,Pitcairn,100.0,100.0,441,,,,,,,,,,,,,
PER,Peru,89.76,84.32,1035,2022.0,87.0,13.0,9.0,8.0,89.8,10.200000000000003,,,88.0,,,
PHL,Philippines,71.55,67.88,750,2024.0,92.0,8.0,7.0,4.0,87.9,12.099999999999994,82.0,18.0,84.0,,,5.900000000000006
PNG,Papua New Guinea,3.77,3.17,763,2022.0,83.0,17.0,17.0,46.0,,,,,35.0,,,
POL,Poland,57.4,56.83,1048,2023.0,68.0,32.0,23.0,20.0,85.82677,14.173230000000004,68.0,32.0,95.0,,,17.826769999999996
PRT,Portugal,95.62,86.75,1002,2023.0,84.0,16.0,12.0,12.0,,,84.0,16.0,99.0,,,
PRY,Paraguay,58.9,52.31,810,,,,,,,,,,86.0,,,
PSE,Palestine,38.34,33.85,568,2015.0,88.0,12.0,10.0,11.0,,,,,99.0,,,
PYF,French Polynesia,62.33,60.99,819,,,,,,,,,,,,,
QAT,Qatar,105.83,105.83,867,2023.0,80.0,20.0,17.0,13.0,,,80.0,20.0,98.0,,,
ROU,Romania,41.65,41.28,1092,2023.0,58.0,42.0,33.0,28.0,86.62675,13.373249999999999,58.0,42.0,88.0,,,28.62675
RUS,Russia,61.56,55.08,1017,2025.0,62.0,38.0,35.0,27.0,67.13333,32.86667,57.0,43.0,97.0,,,10.13333
RWA,Rwanda,79.01,75.49,840,,,,,,,,,,98.0,,,
SAU,Saudi Arabia,74.27,69.86,840,2023.0,81.0,19.0,14.0,11.0,,,81.0,19.0,96.0,,,
SDN,Sudan,32.44,28.62,754,2024.0,82.0,18.0,16.0,13.0,,,82.0,18.0,93.0,,,
SEN,Senegal,15.5,8.93,994,2024.0,86.16269,13.837310000000002,10.607649,8.14832,,,61.000652,38.999348,91.0,,,
SGP,Singapore,91.55,90.85,763,2024.0,86.0,14.0,12.0,10.0,,,,,97.0,,,
SHN,Saint Helena,80.74,65.38,92,,,,,,,,,,,,,
SLB,Solomon Islands,47.47,35.12,588,2022.0,70.0,30.0,29.0,27.0,,,,,94.0,,,
SLE,Sierra Leone,65.96,57.66,869,2023.0,88.0,12.0,8.0,14.0,,,88.0,12.0,95.0,,,
SLV,El Salvador,73.43,68.56,593,,,,,,,,,,96.0,,,
SMR,San Marino,78.23,70.15,450,,,,,,,,,,88.0,,,
SOM,Somalia,50.99,43.57,830,2024.0,94.0,6.0,7.0,4.0,,,85.0,15.0,57.0,,,
SRB,Serbia,48.81,47.71,532,2019.0,74.455444,25.544556,20.09901,13.465346,74.455444,25.544556,,,97.0,,,
SSD,South Sudan,39.54,39.16,910,2023.0,79.0,21.0,14.0,19.0,,,79.0,21.0,61.0,,,
STP,Sao Tome and Principe,61.68,49.25,868,,,,,,,,,,95.0,,,
SUR,Suriname,43.33,38.49,456,,,,,,,,,,77.0,,,
SVK,Slovakia,46.0,45.68,575,2023.0,54.000004,45.999996,37.0,32.0,,,54.000004,45.999996,97.0,19406.0589683582,9.873340614246928,
SVN,Slovenia,59.71,57.66,557,2023.0,50.0,50.0,43.0,38.0,,,50.0,50.0,95.0,25814.1687167572,10.158678795236376,
SWE,Sweden,73.71,71.98,1150,2023.0,73.0,27.0,20.0,16.0,,,73.0,27.0,98.0,51648.9892820514,10.85222590576099,
SWZ,Eswatini,43.78,35.56,797,,,,,,,,,,90.0,3913.14577547336,8.272096875662509,
SXM,Sint Maarten (Dutch part),67.41,60.58,694,,,,,,,,,,,34861.469528968,10.459137473348102,
SYC,Seychelles,82.62,78.0,821,,,,,,,,,,99.0,19141.5118743615,9.859614652188395,
SYR,Syria,14.9,10.66,779,2022.0,73.0,27.0,26.0,24.0,95.62682,4.373180000000005,,,67.0,1109.53926036049,7.011700127380202,
TCD,Chad,29.04,28.33,935,2024.0,80.0,20.0,14.0,11.0,,,83.0,17.0,53.0,893.336441643325,6.794963264282223,
TGO,Togo,25.49,17.56,986,,,,,,,,,,86.0,826.255209019798,6.716903695557277,
THA,Thailand,79.51,74.6,581,2024.0,86.0,14.0,13.0,9.0,98.333336,1.6666639999999973,82.0,18.0,97.0,7605.69657797759,8.936652795236206,16.333336000000003
TJK,Tajikistan,53.54,52.17,961,,,,,,,,,,97.0,871.022372934846,6.769667663014971,
TKL,Tokelau,116.38,116.38,533,,,,,,,,,,,,,
TKM,Turkmenistan,46.18,45.41,503,,,,,,,,,,99.0,5998.0017434754,8.699181649985038,
TLS,Timor,66.12,59.77,953,,,,,,,,,,83.0,1562.36458068032,7.353955709490042,
TON,Tonga,81.73,72.39,722,2022.0,91.0,9.0,9.0,8.0,,,,,99.0,4788.83342304684,8.47404211649415,
TTO,Trinidad and Tobago,49.22,46.82,584,,,,,,,,,,93.0,17212.6128892163,9.753397701575537,
TUN,Tunisia,58.42,51.81,831,2024.0,60.0,40.0,39.0,32.0,,,43.964287,56.035713,98.0,3528.87213306798,8.168733589827553,
TUR,Turkey,67.89,62.31,679,2023.0,59.0,41.0,38.0,29.0,,,59.0,41.0,99.0,9395.23378001368,9.147957794988077,
TWN,Taiwan,91.65,87.02,918,2023.0,68.0,32.0,21.0,15.0,,,68.0,32.0,,,,
TZA,Tanzania,52.57,49.11,582,2024.0,93.0,7.0,7.0,6.0,,,65.0,35.0,91.0,1063.32250976563,6.969153728155179,
VCT,Saint Vincent and the Grenadines,36.1,30.43,766,,,,,,,,,,97.0,8740.59425232061,9.075733458594575,
VGB,British Virgin Islands,62.13,58.28,484,,,,,,,,,,,,,
WSM,Samoa,86.07,80.02,714,,,,,,,,,,68.0,4351.94234943706,8.378377541535597,
ZAF,South Africa,40.42,35.13,951,2024.0,75.0,25.0,19.0,16.0,,,72.0,28.0,85.0,6533.71121032856,8.784730393193524,
