Entity,Code,Year,Share that disagree that vaccines are important for children to have,World region according to OWID
Afghanistan,AFG,2015,3,Asia
Afghanistan,AFG,2019,5.858469,Asia
Albania,ALB,2019,10.171198,Europe
Algeria,DZA,2015,1,Africa
Argentina,ARG,2015,0,South America
Argentina,ARG,2019,1.6453383,South America
Argentina,ARG,2020,4,South America
Argentina,ARG,2022,7,South America
Argentina,ARG,2023,10,South America
Argentina,ARG,2024,17,South America
Armenia,ARM,2015,8,Asia
Armenia,ARM,2019,12.071239,Asia
Armenia,ARM,2023,16,Asia
Australia,AUS,2015,4,Oceania
Australia,AUS,2022,8,Oceania
Australia,AUS,2023,14,Oceania
Austria,AUT,2015,10,Europe
Austria,AUT,2019,11.303462,Europe
Austria,AUT,2020,10,Europe
Austria,AUT,2022,21,Europe
Austria,AUT,2023,23,Europe
Azerbaijan,AZE,2015,13.999999,Asia
Azerbaijan,AZE,2019,35.2,Asia
Bangladesh,BGD,2015,0,Asia
Belarus,BLR,2022,36,Europe
Belarus,BLR,2023,27,Europe
Belgium,BEL,2015,3,Europe
Belgium,BEL,2020,8,Europe
Belgium,BEL,2022,23,Europe
Belgium,BEL,2023,18,Europe
Benin,BEN,2022,18,Africa
Benin,BEN,2023,28,Africa
Benin,BEN,2024,10,Africa
Bosnia and Herzegovina,BIH,2015,11,Europe
Bosnia and Herzegovina,BIH,2019,18,Europe
Bosnia and Herzegovina,BIH,2023,26,Europe
Brazil,BRA,2015,0,South America
Brazil,BRA,2020,4,South America
Brazil,BRA,2022,9,South America
Brazil,BRA,2023,8,South America
Brazil,BRA,2024,5,South America
Bulgaria,BGR,2015,5,Europe
Bulgaria,BGR,2019,6.755127,Europe
Bulgaria,BGR,2020,9,Europe
Bulgaria,BGR,2022,32,Europe
Bulgaria,BGR,2023,38,Europe
Burkina Faso,BFA,2016,1,Africa
Burkina Faso,BFA,2020,6,Africa
Burkina Faso,BFA,2021,8.501953,Africa
Burkina Faso,BFA,2022,4,Africa
Burkina Faso,BFA,2023,6,Africa
Cambodia,KHM,2021,13,Asia
Cambodia,KHM,2022,2,Asia
Cameroon,CMR,2022,15.560503,Africa
Cameroon,CMR,2023,28,Africa
Canada,CAN,2015,6,North America
Canada,CAN,2022,13,North America
Canada,CAN,2023,14,North America
Chad,TCD,2022,14,Africa
Chad,TCD,2023,8,Africa
Chad,TCD,2024,7,Africa
Chile,CHL,2023,19,South America
China,CHN,2015,13,Asia
China,CHN,2021,4,Asia
Colombia,COL,2015,3,South America
Colombia,COL,2019,2.7850304,South America
Colombia,COL,2023,15,South America
Colombia,COL,2024,6,South America
Cote d'Ivoire,CIV,2020,14,Africa
Cote d'Ivoire,CIV,2022,16.57944,Africa
Cote d'Ivoire,CIV,2023,9.834963,Africa
Cote d'Ivoire,CIV,2024,4,Africa
Croatia,HRV,2020,6.49,Europe
Croatia,HRV,2022,35,Europe
Croatia,HRV,2023,29,Europe
Cyprus,CYP,2020,5.31,Europe
Cyprus,CYP,2022,17,Europe
Czechia,CZE,2015,6,Europe
Czechia,CZE,2019,7.007007,Europe
Czechia,CZE,2020,3,Europe
Czechia,CZE,2022,20,Europe
Democratic Republic of Congo,COD,2015,5,Africa
Democratic Republic of Congo,COD,2020,21.65428,Africa
Democratic Republic of Congo,COD,2022,23.855093,Africa
Democratic Republic of Congo,COD,2023,11,Africa
Denmark,DNK,2015,3,Europe
Denmark,DNK,2020,2,Europe
Denmark,DNK,2022,10,Europe
Denmark,DNK,2023,15,Europe
Ecuador,ECU,2015,0,South America
Ecuador,ECU,2019,1.7064847,South America
Ecuador,ECU,2020,7,South America
Egypt,EGY,2023,17,Africa
Estonia,EST,2020,6,Europe
Estonia,EST,2022,22,Europe
Estonia,EST,2023,17,Europe
Ethiopia,ETH,2015,1,Africa
Ethiopia,ETH,2020,2.9634264,Africa
Ethiopia,ETH,2023,1,Africa
Fiji,FJI,2015,8,Oceania
Fiji,FJI,2021,19,Oceania
Fiji,FJI,2022,19,Oceania
Finland,FIN,2015,2,Europe
Finland,FIN,2019,1.6457679,Europe
Finland,FIN,2020,1,Europe
Finland,FIN,2022,8,Europe
Finland,FIN,2023,9,Europe
France,FRA,2015,12,Europe
France,FRA,2019,10.104167,Europe
France,FRA,2020,11,Europe
France,FRA,2022,20,Europe
France,FRA,2023,24,Europe
Gabon,GAB,2020,10,Africa
Georgia,GEO,2015,5,Asia
Georgia,GEO,2023,18,Asia
Germany,DEU,2015,6,Europe
Germany,DEU,2019,8.7269,Europe
Germany,DEU,2020,10,Europe
Germany,DEU,2022,13.786214,Europe
Germany,DEU,2023,20,Europe
Ghana,GHA,2015,4,Africa
Ghana,GHA,2022,39.01109,Africa
Ghana,GHA,2023,28.434277,Africa
Ghana,GHA,2024,16,Africa
Greece,GRC,2015,11,Europe
Greece,GRC,2020,5,Europe
Greece,GRC,2022,15.6,Europe
Greece,GRC,2023,19,Europe
Hong Kong,HKG,2015,12,Asia
Hong Kong,HKG,2019,13.193116,Asia
Hong Kong,HKG,2023,19,Asia
Hungary,HUN,2020,2,Europe
Hungary,HUN,2022,21,Europe
Hungary,HUN,2023,44,Europe
Iceland,ISL,2015,1,Europe
India,IND,2015,5,Asia
India,IND,2019,3.3898306,Asia
India,IND,2020,5,Asia
India,IND,2022,2,Asia
India,IND,2023,11,Asia
Indonesia,IDN,2015,2,Asia
Indonesia,IDN,2019,8.22846,Asia
Indonesia,IDN,2022,20,Asia
Indonesia,IDN,2023,14,Asia
Iran,IRN,2015,0,Asia
Iraq,IRQ,2019,0.8,Asia
Iraq,IRQ,2023,16,Asia
Ireland,IRL,2015,5,Europe
Ireland,IRL,2019,5.242334,Europe
Ireland,IRL,2020,7,Europe
Ireland,IRL,2022,10.3,Europe
Ireland,IRL,2023,17,Europe
Israel,ISR,2023,26,Asia
Italy,ITA,2015,14,Europe
Italy,ITA,2019,5.52677,Europe
Italy,ITA,2020,10,Europe
Italy,ITA,2022,12.1,Europe
Italy,ITA,2023,21,Europe
Japan,JPN,2015,5,Asia
Japan,JPN,2019,5.0303555,Asia
Japan,JPN,2021,18,Asia
Japan,JPN,2022,23,Asia
Japan,JPN,2023,31,Asia
Kazakhstan,KAZ,2019,11.375,Asia
Kazakhstan,KAZ,2023,27,Asia
Kenya,KEN,2020,13,Africa
Kenya,KEN,2021,16.503948,Africa
Kenya,KEN,2022,14.922931,Africa
Kenya,KEN,2023,8.001387,Africa
Kenya,KEN,2024,5,Africa
Kosovo,OWID_KOS,2015,1,Europe
Kosovo,OWID_KOS,2019,1.7769003,Europe
Laos,LAO,2021,15,Asia
Laos,LAO,2022,9,Asia
Latvia,LVA,2015,9,Europe
Latvia,LVA,2020,7,Europe
Latvia,LVA,2022,34.465534,Europe
Latvia,LVA,2023,41,Europe
Lebanon,LBN,2015,3,Asia
Lebanon,LBN,2020,6,Asia
Liberia,LBR,2022,19,Africa
Liberia,LBR,2023,6,Africa
Libya,LBY,2021,15,Africa
Libya,LBY,2022,21,Africa
Libya,LBY,2023,13,Africa
Libya,LBY,2024,21,Africa
Lithuania,LTU,2020,6,Europe
Lithuania,LTU,2022,26.6,Europe
Lithuania,LTU,2023,38,Europe
Luxembourg,LUX,2020,4,Europe
Luxembourg,LUX,2022,11.2,Europe
Malawi,MWI,2020,9,Africa
Malaysia,MYS,2019,13.985148,Asia
Malaysia,MYS,2021,13,Asia
Malaysia,MYS,2022,20,Asia
Malaysia,MYS,2023,20,Asia
Malaysia,MYS,2024,12,Asia
Mali,MLI,2016,2,Africa
Mali,MLI,2022,8,Africa
Mali,MLI,2023,13.944694,Africa
Mali,MLI,2024,5,Africa
Malta,MLT,2020,5,Europe
Malta,MLT,2022,24,Europe
Mauritania,MRT,2016,2,Africa
Mexico,MEX,2015,12,North America
Mexico,MEX,2019,7.6000004,North America
Mexico,MEX,2022,5,North America
Mexico,MEX,2023,8,North America
Mexico,MEX,2024,5,North America
Mongolia,MNG,2015,5,Asia
Mongolia,MNG,2021,22,Asia
Mongolia,MNG,2022,19,Asia
Morocco,MAR,2015,1,Africa
Morocco,MAR,2020,0,Africa
Netherlands,NLD,2015,6,Europe
Netherlands,NLD,2020,10,Europe
Netherlands,NLD,2022,24,Europe
Netherlands,NLD,2023,22,Europe
New Zealand,NZL,2022,11,Oceania
New Zealand,NZL,2023,14,Oceania
Niger,NER,2016,4,Africa
Niger,NER,2020,6,Africa
Niger,NER,2022,18.988575,Africa
Niger,NER,2023,4.811899,Africa
Niger,NER,2024,4,Africa
Nigeria,NGA,2015,4,Africa
Nigeria,NGA,2016,3,Africa
Nigeria,NGA,2019,3.8999999,Africa
Nigeria,NGA,2020,6.010345,Africa
Nigeria,NGA,2022,17.989206,Africa
Nigeria,NGA,2023,10.968527,Africa
Nigeria,NGA,2024,10,Africa
North Macedonia,MKD,2015,11,Europe
North Macedonia,MKD,2019,9.4245205,Europe
North Macedonia,MKD,2023,13,Europe
Norway,NOR,2023,11,Europe
Pakistan,PAK,2015,7,Asia
Pakistan,PAK,2019,11.4,Asia
Pakistan,PAK,2020,14,Asia
Pakistan,PAK,2022,24,Asia
Pakistan,PAK,2023,23,Asia
Palestine,PSE,2015,9,Asia
Panama,PAN,2015,2,North America
Papua New Guinea,PNG,2015,8,Oceania
Papua New Guinea,PNG,2021,55,Oceania
Papua New Guinea,PNG,2022,54,Oceania
Peru,PER,2015,3,South America
Peru,PER,2019,2.7,South America
Peru,PER,2022,9,South America
Philippines,PHL,2015,0,Asia
Philippines,PHL,2019,4.3,Asia
Philippines,PHL,2022,31.5,Asia
Philippines,PHL,2023,17,Asia
Philippines,PHL,2024,4,Asia
Poland,POL,2015,8,Europe
Poland,POL,2019,5.11811,Europe
Poland,POL,2020,7,Europe
Poland,POL,2022,15.900001,Europe
Poland,POL,2023,15,Europe
Portugal,PRT,2015,2,Europe
Portugal,PRT,2020,3,Europe
Portugal,PRT,2022,5.7000003,Europe
Portugal,PRT,2023,10,Europe
Qatar,QAT,2023,12,Asia
Romania,ROU,2015,10,Europe
Romania,ROU,2019,4.790419,Europe
Romania,ROU,2020,10,Europe
Romania,ROU,2022,14,Europe
Romania,ROU,2023,26,Europe
Russia,RUS,2015,16,Europe
Russia,RUS,2019,15.066667,Europe
Russia,RUS,2022,38,Europe
Russia,RUS,2023,24,Europe
Russia,RUS,2025,21,Europe
Saudi Arabia,SAU,2015,2,Asia
Saudi Arabia,SAU,2020,8,Asia
Saudi Arabia,SAU,2023,13,Asia
Senegal,SEN,2016,3,Africa
Senegal,SEN,2020,17,Africa
Senegal,SEN,2022,27.929865,Africa
Senegal,SEN,2023,24.65495,Africa
Senegal,SEN,2024,4.688992,Africa
Serbia,SRB,2015,11,Europe
Serbia,SRB,2019,8.316832,Europe
Sierra Leone,SLE,2022,19,Africa
Sierra Leone,SLE,2023,14,Africa
Singapore,SGP,2024,10,Asia
Slovakia,SVK,2020,6,Europe
Slovakia,SVK,2022,31.2,Europe
Slovakia,SVK,2023,26,Europe
Slovenia,SVN,2015,13,Europe
Slovenia,SVN,2020,8,Europe
Slovenia,SVN,2022,26.1,Europe
Slovenia,SVN,2023,36,Europe
Solomon Islands,SLB,2021,29,Oceania
Solomon Islands,SLB,2022,24,Oceania
Somalia,SOM,2021,23,Africa
Somalia,SOM,2023,6,Africa
Somalia,SOM,2024,3,Africa
South Africa,ZAF,2015,7,Africa
South Africa,ZAF,2020,20,Africa
South Africa,ZAF,2022,32.975174,Africa
South Africa,ZAF,2023,28,Africa
South Africa,ZAF,2024,19,Africa
South Korea,KOR,2015,5,Asia
South Korea,KOR,2019,6.6666665,Asia
South Korea,KOR,2020,5,Asia
South Korea,KOR,2021,19,Asia
South Korea,KOR,2022,30,Asia
South Korea,KOR,2023,23,Asia
South Sudan,SSD,2022,25,Africa
South Sudan,SSD,2023,18,Africa
Spain,ESP,2015,5,Europe
Spain,ESP,2019,2.750275,Europe
Spain,ESP,2020,6,Europe
Spain,ESP,2022,9.4,Europe
Spain,ESP,2023,14,Europe
Sudan,SDN,2020,15.999999,Africa
Sudan,SDN,2021,10,Africa
Sudan,SDN,2022,8.590833,Africa
Sudan,SDN,2023,8,Africa
Sudan,SDN,2024,9,Africa
Sweden,SWE,2015,5,Europe
Sweden,SWE,2020,4,Europe
Sweden,SWE,2022,9.5,Europe
Sweden,SWE,2023,16,Europe
Switzerland,CHE,2023,23,Europe
Syria,SYR,2019,2.7696793,Asia
Syria,SYR,2022,22,Asia
Taiwan,TWN,2023,14,Asia
Tanzania,TZA,2023,12,Africa
Tanzania,TZA,2024,3,Africa
Thailand,THA,2015,2,Asia
Thailand,THA,2019,0.5,Asia
Thailand,THA,2023,11,Asia
Thailand,THA,2024,10,Asia
Tonga,TON,2021,7,Oceania
Tonga,TON,2022,20,Oceania
Tunisia,TUN,2015,1,Africa
Tunisia,TUN,2020,3,Africa
Tunisia,TUN,2021,25,Africa
Tunisia,TUN,2023,35.991074,Africa
Tunisia,TUN,2024,14,Africa
Turkey,TUR,2015,3,Asia
Turkey,TUR,2022,12,Asia
Turkey,TUR,2023,27,Asia
Uganda,UGA,2020,14,Africa
Uganda,UGA,2022,21.373753,Africa
Uganda,UGA,2023,13,Africa
Ukraine,UKR,2015,12,Europe
Ukraine,UKR,2023,36,Europe
United Arab Emirates,ARE,2023,19,Asia
United Kingdom,GBR,2015,6,Europe
United Kingdom,GBR,2019,5.829146,Europe
United Kingdom,GBR,2020,8.666666,Europe
United Kingdom,GBR,2023,19,Europe
United States,USA,2015,8,North America
United States,USA,2019,4.870775,North America
United States,USA,2020,11.231006,North America
United States,USA,2022,16,North America
Uruguay,URY,2022,10,South America
Vanuatu,VUT,2021,25,Oceania
Vanuatu,VUT,2022,38,Oceania
Venezuela,VEN,2022,5,South America
Vietnam,VNM,2015,1,Asia
Vietnam,VNM,2019,0.998004,Asia
Vietnam,VNM,2021,5,Asia
Vietnam,VNM,2022,3,Asia
Vietnam,VNM,2023,4,Asia
Vietnam,VNM,2024,6,Asia