Entity,Code,Year,Share that disagrees vaccines are safe
Afghanistan,AFG,2015,9
Afghanistan,AFG,2019,12.761021
Albania,ALB,2019,14.501511
Algeria,DZA,2015,4
Argentina,ARG,2015,1
Argentina,ARG,2019,2.3765998
Argentina,ARG,2020,6
Argentina,ARG,2022,9
Argentina,ARG,2023,15
Argentina,ARG,2024,13
Armenia,ARM,2015,21
Armenia,ARM,2019,21.635883
Armenia,ARM,2023,32
Australia,AUS,2015,6
Australia,AUS,2022,9
Australia,AUS,2023,15
Austria,AUT,2015,15
Austria,AUT,2019,16.802444
Austria,AUT,2020,14
Austria,AUT,2022,19
Austria,AUT,2023,25
Azerbaijan,AZE,2015,13
Azerbaijan,AZE,2019,36.2
Bangladesh,BGD,2015,0
Belarus,BLR,2022,37
Belarus,BLR,2023,34
Belgium,BEL,2015,14
Belgium,BEL,2020,11
Belgium,BEL,2022,21.1
Belgium,BEL,2023,25
Benin,BEN,2022,23
Benin,BEN,2023,25
Benin,BEN,2024,22
Bosnia and Herzegovina,BIH,2015,37
Bosnia and Herzegovina,BIH,2019,30.000002
Bosnia and Herzegovina,BIH,2023,36
Brazil,BRA,2015,6
Brazil,BRA,2020,8
Brazil,BRA,2022,9
Brazil,BRA,2023,14
Brazil,BRA,2024,11
Bulgaria,BGR,2015,12
Bulgaria,BGR,2019,13.027744
Bulgaria,BGR,2022,37.6
Bulgaria,BGR,2023,46
Burkina Faso,BFA,2016,12
Burkina Faso,BFA,2020,12
Burkina Faso,BFA,2021,16.50586
Burkina Faso,BFA,2022,9
Burkina Faso,BFA,2023,16
Cambodia,KHM,2021,9
Cambodia,KHM,2022,3
Cameroon,CMR,2022,27
Cameroon,CMR,2023,32
Canada,CAN,2015,12
Canada,CAN,2022,13
Canada,CAN,2023,18
Chad,TCD,2022,16
Chad,TCD,2023,14
Chad,TCD,2024,14
Chile,CHL,2023,23
China,CHN,2015,16
China,CHN,2021,4
Colombia,COL,2015,9
Colombia,COL,2019,7.223673
Colombia,COL,2023,19
Colombia,COL,2024,14
Cote d'Ivoire,CIV,2020,23
Cote d'Ivoire,CIV,2022,23.42056
Cote d'Ivoire,CIV,2023,18.265282
Cote d'Ivoire,CIV,2024,10
Croatia,HRV,2020,13.6
Croatia,HRV,2022,27.7
Croatia,HRV,2023,38
Cyprus,CYP,2020,13.19
Cyprus,CYP,2022,17.131475
Czechia,CZE,2015,10
Czechia,CZE,2019,9.309309
Czechia,CZE,2020,12
Czechia,CZE,2022,24.8
Democratic Republic of Congo,COD,2015,14
Democratic Republic of Congo,COD,2020,29.31785
Democratic Republic of Congo,COD,2022,30.382406
Democratic Republic of Congo,COD,2023,19
Denmark,DNK,2015,7
Denmark,DNK,2020,3
Denmark,DNK,2022,9.2907095
Denmark,DNK,2023,15
Ecuador,ECU,2015,3
Ecuador,ECU,2019,4.948806
Ecuador,ECU,2020,11
Egypt,EGY,2023,16
Estonia,EST,2020,12
Estonia,EST,2022,23.300001
Estonia,EST,2023,31
Ethiopia,ETH,2015,4
Ethiopia,ETH,2020,12.963427
Ethiopia,ETH,2023,6
Fiji,FJI,2015,14
Fiji,FJI,2021,6
Fiji,FJI,2022,14
Finland,FIN,2015,4
Finland,FIN,2019,3.7617555
Finland,FIN,2020,6
Finland,FIN,2022,10.599999
Finland,FIN,2023,17
France,FRA,2015,40
France,FRA,2019,22.1875
France,FRA,2020,18
France,FRA,2022,19.980019
France,FRA,2023,29.487562
Gabon,GAB,2020,25
Georgia,GEO,2015,15
Georgia,GEO,2023,27.000002
Germany,DEU,2015,10
Germany,DEU,2019,13.7577
Germany,DEU,2020,12.5
Germany,DEU,2022,15.184815
Germany,DEU,2023,22
Ghana,GHA,2015,5
Ghana,GHA,2022,29.516636
Ghana,GHA,2023,18.481482
Ghana,GHA,2024,14
Greece,GRC,2015,26
Greece,GRC,2022,16.699999
Greece,GRC,2023,28
Hong Kong,HKG,2015,18
Hong Kong,HKG,2019,18.546844
Hong Kong,HKG,2023,22
Hungary,HUN,2020,8
Hungary,HUN,2022,18.5
Hungary,HUN,2023,41.49975
Iceland,ISL,2015,5
India,IND,2015,8
India,IND,2019,3.5892324
India,IND,2020,4
India,IND,2022,3
India,IND,2023,9
Indonesia,IDN,2015,3
Indonesia,IDN,2019,9.196515
Indonesia,IDN,2022,15
Indonesia,IDN,2023,16
Indonesia,IDN,2024,15
Iran,IRN,2015,24
Iraq,IRQ,2019,10
Iraq,IRQ,2023,26
Ireland,IRL,2015,11
Ireland,IRL,2019,8.704253
Ireland,IRL,2020,9
Ireland,IRL,2022,9.7
Ireland,IRL,2023,20
Israel,ISR,2023,27
Italy,ITA,2015,21
Italy,ITA,2019,8.981002
Italy,ITA,2020,13
Italy,ITA,2022,12.9
Italy,ITA,2023,26.004974
Japan,JPN,2015,25
Japan,JPN,2019,17.346054
Japan,JPN,2021,16
Japan,JPN,2022,22
Japan,JPN,2023,33
Kazakhstan,KAZ,2019,23.625
Kazakhstan,KAZ,2023,30
Kenya,KEN,2020,20
Kenya,KEN,2021,18
Kenya,KEN,2022,12
Kenya,KEN,2023,11.499307
Kenya,KEN,2024,11
Kosovo,OWID_KOS,2015,8
Kosovo,OWID_KOS,2019,6.0217175
Laos,LAO,2021,7
Laos,LAO,2022,9
Latvia,LVA,2015,19
Latvia,LVA,2020,15
Latvia,LVA,2022,35.264736
Latvia,LVA,2023,46
Lebanon,LBN,2015,13
Lebanon,LBN,2020,11
Liberia,LBR,2022,18
Liberia,LBR,2023,9
Libya,LBY,2021,20
Libya,LBY,2022,24
Libya,LBY,2023,17
Libya,LBY,2024,27
Lithuania,LTU,2020,8
Lithuania,LTU,2022,24.1
Lithuania,LTU,2023,35
Luxembourg,LUX,2020,9
Luxembourg,LUX,2022,11.599999
Malawi,MWI,2020,9
Malaysia,MYS,2019,20.420794
Malaysia,MYS,2021,11
Malaysia,MYS,2022,18
Malaysia,MYS,2023,19
Malaysia,MYS,2024,15.999999
Mali,MLI,2016,8
Mali,MLI,2022,10.730769
Mali,MLI,2023,14.061601
Mali,MLI,2024,8
Malta,MLT,2020,14
Malta,MLT,2022,22
Mauritania,MRT,2016,7
Mexico,MEX,2015,14
Mexico,MEX,2019,12.8
Mexico,MEX,2022,6
Mexico,MEX,2023,11
Mexico,MEX,2024,9
Mongolia,MNG,2015,26
Mongolia,MNG,2021,25
Mongolia,MNG,2022,27
Morocco,MAR,2015,5
Morocco,MAR,2020,18
Netherlands,NLD,2015,11
Netherlands,NLD,2020,14
Netherlands,NLD,2022,22.5
Netherlands,NLD,2023,24
New Zealand,NZL,2022,13
New Zealand,NZL,2023,18
Niger,NER,2016,7
Niger,NER,2020,8
Niger,NER,2022,17.217407
Niger,NER,2023,5.46865
Niger,NER,2024,4
Nigeria,NGA,2015,7
Nigeria,NGA,2016,4
Nigeria,NGA,2019,6.1
Nigeria,NGA,2020,8.0103445
Nigeria,NGA,2022,17.02159
Nigeria,NGA,2023,9.984263
North Macedonia,MKD,2015,18
North Macedonia,MKD,2019,21.934946
North Macedonia,MKD,2023,26
Norway,NOR,2023,15
Pakistan,PAK,2015,7
Pakistan,PAK,2019,12.7
Pakistan,PAK,2020,14
Pakistan,PAK,2022,18
Pakistan,PAK,2023,15
Palestine,PSE,2015,10
Panama,PAN,2015,7
Papua New Guinea,PNG,2015,12
Papua New Guinea,PNG,2021,45
Papua New Guinea,PNG,2022,17
Peru,PER,2015,8
Peru,PER,2019,8.2
Peru,PER,2020,13
Peru,PER,2022,9
Philippines,PHL,2015,2
Philippines,PHL,2019,10.1
Philippines,PHL,2022,32
Philippines,PHL,2023,19
Philippines,PHL,2024,7
Poland,POL,2015,12
Poland,POL,2019,8.267716
Poland,POL,2020,9
Poland,POL,2022,16.5
Poland,POL,2023,23
Portugal,PRT,2015,5
Portugal,PRT,2020,3
Portugal,PRT,2022,4.9
Portugal,PRT,2023,12
Qatar,QAT,2023,17
Romania,ROU,2015,20
Romania,ROU,2019,10.778443
Romania,ROU,2020,17
Romania,ROU,2022,19.8
Romania,ROU,2023,33
Russia,RUS,2015,27
Russia,RUS,2019,22.333334
Russia,RUS,2022,34
Russia,RUS,2023,36
Russia,RUS,2025,35
Saudi Arabia,SAU,2015,1
Saudi Arabia,SAU,2020,7
Saudi Arabia,SAU,2023,14
Senegal,SEN,2016,12
Senegal,SEN,2020,29
Senegal,SEN,2022,23.464933
Senegal,SEN,2023,33.041668
Senegal,SEN,2024,10.607649
Serbia,SRB,2015,16
Serbia,SRB,2019,20.09901
Sierra Leone,SLE,2022,9
Sierra Leone,SLE,2023,8
Singapore,SGP,2024,12
Slovakia,SVK,2020,12
Slovakia,SVK,2022,32.2
Slovakia,SVK,2023,37
Slovenia,SVN,2015,22
Slovenia,SVN,2020,15
Slovenia,SVN,2022,29.2
Slovenia,SVN,2023,43
Solomon Islands,SLB,2021,23
Solomon Islands,SLB,2022,29
Somalia,SOM,2021,26
Somalia,SOM,2023,15
Somalia,SOM,2024,7
South Africa,ZAF,2015,10
South Africa,ZAF,2020,24
South Africa,ZAF,2022,24
South Africa,ZAF,2023,24
South Africa,ZAF,2024,19
South Korea,KOR,2015,9
South Korea,KOR,2019,9.933333
South Korea,KOR,2020,13.999999
South Korea,KOR,2021,19
South Korea,KOR,2022,23
South Korea,KOR,2023,28
South Sudan,SSD,2022,17
South Sudan,SSD,2023,14
Spain,ESP,2015,8
Spain,ESP,2019,6.490649
Spain,ESP,2020,7
Spain,ESP,2022,8.6
Spain,ESP,2023,17
Sudan,SDN,2020,24
Sudan,SDN,2021,18
Sudan,SDN,2022,16
Sudan,SDN,2023,16
Sudan,SDN,2024,16
Sweden,SWE,2015,9
Sweden,SWE,2020,8
Sweden,SWE,2022,12.599999
Sweden,SWE,2023,20
Switzerland,CHE,2023,28
Syria,SYR,2019,3.0612245
Syria,SYR,2022,26
Taiwan,TWN,2023,21
Tanzania,TZA,2023,30
Tanzania,TZA,2024,7
Thailand,THA,2015,5
Thailand,THA,2019,0.8333334
Thailand,THA,2023,16
Thailand,THA,2024,13
Tonga,TON,2021,2
Tonga,TON,2022,9
Tunisia,TUN,2015,7
Tunisia,TUN,2020,16
Tunisia,TUN,2021,34
Tunisia,TUN,2023,54.52232
Tunisia,TUN,2024,39
Turkey,TUR,2015,17
Turkey,TUR,2022,25
Turkey,TUR,2023,38
Uganda,UGA,2020,14
Uganda,UGA,2022,12.94389
Uganda,UGA,2023,13
Ukraine,UKR,2015,24
Ukraine,UKR,2023,38
United Arab Emirates,ARE,2023,16
United Kingdom,GBR,2015,9
United Kingdom,GBR,2019,7.738693
United Kingdom,GBR,2020,7.5
United Kingdom,GBR,2023,20
United States,USA,2015,14
United States,USA,2019,8.3499
United States,USA,2020,15.615503
United States,USA,2022,19
United States,USA,2023,18
Uruguay,URY,2022,8
Vanuatu,VUT,2021,10
Vanuatu,VUT,2022,22
Venezuela,VEN,2022,6
Vietnam,VNM,2015,21
Vietnam,VNM,2019,2.994012
Vietnam,VNM,2021,8
Vietnam,VNM,2022,3
Vietnam,VNM,2023,3
Vietnam,VNM,2024,8